{
  "next-env.d.ts": 1774626025.16172,
  "next.config.ts": 1774562223.2726867,
  "src\\proxy.ts": 1774903025.7351213,
  "src\\app\\layout.tsx": 1774570252.0467417,
  "src\\app\\page.tsx": 1774569854.2719412,
  "src\\app\\api\\cron\\timeclock-check\\route.ts": 1775163932.83736,
  "src\\app\\api\\preview-portal\\route.ts": 1776362099.373421,
  "src\\app\\api\\timeclock\\export\\route.ts": 1775670583.2320223,
  "src\\app\\api\\webhooks\\n8n\\route.ts": 1774631074.9394941,
  "src\\app\\api\\webhooks\\stripe\\route.ts": 1774639350.8836133,
  "src\\app\\auth\\callback\\route.ts": 1776116070.9175525,
  "src\\app\\dashboard\\layout.tsx": 1776097095.2031863,
  "src\\app\\dashboard\\page.tsx": 1776097311.3814948,
  "src\\app\\dashboard\\analytics\\page.tsx": 1774636700.0233264,
  "src\\app\\dashboard\\customers\\page.tsx": 1776097747.4894443,
  "src\\app\\dashboard\\customers\\new\\page.tsx": 1774564164.6896875,
  "src\\app\\dashboard\\customers\\[id]\\delete-button.tsx": 1774988965.074924,
  "src\\app\\dashboard\\customers\\[id]\\page.tsx": 1776360905.3290117,
  "src\\app\\dashboard\\customers\\[id]\\edit\\page.tsx": 1774564188.6719084,
  "src\\app\\dashboard\\inventory\\page.tsx": 1776097965.3904483,
  "src\\app\\dashboard\\invoices\\page.tsx": 1776097908.9695544,
  "src\\app\\dashboard\\invoices\\[id]\\page.tsx": 1774632617.3776407,
  "src\\app\\dashboard\\orders\\page.tsx": 1776097767.3214576,
  "src\\app\\dashboard\\orders\\[id]\\page.tsx": 1775509219.6201622,
  "src\\app\\dashboard\\production\\page.tsx": 1776274653.5451696,
  "src\\app\\dashboard\\quotes\\page.tsx": 1776097890.8322153,
  "src\\app\\dashboard\\quotes\\new\\page.tsx": 1775502575.5052395,
  "src\\app\\dashboard\\quotes\\[id]\\page.tsx": 1775263560.2356708,
  "src\\app\\dashboard\\settings\\catalog\\page.tsx": 1776098010.356052,
  "src\\app\\dashboard\\settings\\catalog\\[id]\\edit\\page.tsx": 1775502771.3262687,
  "src\\app\\dashboard\\settings\\employees\\page.tsx": 1776269757.3138533,
  "src\\app\\dashboard\\settings\\employees\\[id]\\edit\\page.tsx": 1775505978.5815337,
  "src\\app\\dashboard\\settings\\pricing\\page.tsx": 1776112489.752108,
  "src\\app\\dashboard\\settings\\staff\\page.tsx": 1776113243.870671,
  "src\\app\\dashboard\\settings\\staff\\new\\page.tsx": 1776113251.0605206,
  "src\\app\\dashboard\\settings\\staff\\[id]\\edit\\page.tsx": 1776113259.3316467,
  "src\\app\\dashboard\\timeclock\\page.tsx": 1776098046.9079885,
  "src\\app\\dashboard\\timeclock\\admin\\page.tsx": 1776098062.213648,
  "src\\app\\dashboard\\timeclock\\admin\\[id]\\edit\\page.tsx": 1775156918.0152352,
  "src\\app\\dashboard\\timeclock\\reports\\DateRangeForm.tsx": 1775670671.144059,
  "src\\app\\dashboard\\timeclock\\reports\\page.tsx": 1775670648.927801,
  "src\\app\\dashboard\\upgrade\\page.tsx": 1774639381.78078,
  "src\\app\\login\\page.tsx": 1775843685.1592271,
  "src\\app\\onboarding\\layout.tsx": 1774638822.8314354,
  "src\\app\\onboarding\\page.tsx": 1774638835.348707,
  "src\\app\\onboarding\\subscribe\\page.tsx": 1774639316.0255349,
  "src\\app\\portal\\(protected)\\layout.tsx": 1775581525.4989107,
  "src\\app\\portal\\(protected)\\page.tsx": 1775663738.789496,
  "src\\app\\portal\\(protected)\\invoices\\page.tsx": 1775581491.5442982,
  "src\\app\\portal\\(protected)\\invoices\\[id]\\complete\\page.tsx": 1775581508.6828823,
  "src\\app\\portal\\(protected)\\invoices\\[id]\\pay\\page.tsx": 1775581508.661193,
  "src\\app\\portal\\(protected)\\orders\\[id]\\page.tsx": 1776367400.3099263,
  "src\\app\\portal\\auth\\callback\\route.ts": 1776355562.6487143,
  "src\\app\\portal\\auth\\preview-callback\\page.tsx": 1776362090.6620493,
  "src\\app\\portal\\login\\page.tsx": 1774634438.8868923,
  "src\\app\\timeclock\\[tenantId]\\KioskClient.tsx": 1776113001.3571994,
  "src\\app\\timeclock\\[tenantId]\\page.tsx": 1776113101.199826,
  "src\\components\\customer-form.tsx": 1774564158.7236197,
  "src\\components\\file-uploader.tsx": 1774911586.840708,
  "src\\components\\nav-sidebar.tsx": 1776113484.9450085,
  "src\\components\\production-board.tsx": 1776274699.5326233,
  "src\\components\\quote-builder.tsx": 1775502603.5822613,
  "src\\components\\quote-line-item-form.tsx": 1775502643.6358514,
  "src\\components\\portal\\embedded-checkout.tsx": 1774636101.0181496,
  "src\\components\\ui\\badge.tsx": 1776096996.8050523,
  "src\\components\\ui\\button-variants.ts": 1774570441.383668,
  "src\\components\\ui\\button.tsx": 1774570453.9186616,
  "src\\components\\ui\\card.tsx": 1774562490.310013,
  "src\\components\\ui\\input.tsx": 1774562490.4198122,
  "src\\components\\ui\\label.tsx": 1774564129.5549784,
  "src\\components\\ui\\table.tsx": 1774564037.6897721,
  "src\\lib\\n8n.ts": 1775163881.171954,
  "src\\lib\\tenant.ts": 1774638242.5925882,
  "src\\lib\\types.ts": 1775502306.0481918,
  "src\\lib\\utils.ts": 1774562317.3252785,
  "src\\lib\\actions\\billing.ts": 1774639307.858982,
  "src\\lib\\actions\\catalog.ts": 1775503481.896822,
  "src\\lib\\actions\\checkout.ts": 1774636293.7789073,
  "src\\lib\\actions\\comm-log.ts": 1775508798.8720014,
  "src\\lib\\actions\\customers.ts": 1774638250.430897,
  "src\\lib\\actions\\employees.ts": 1776116063.9254885,
  "src\\lib\\actions\\files.ts": 1774911579.5401957,
  "src\\lib\\actions\\inventory.ts": 1774638313.6089704,
  "src\\lib\\actions\\invoices.ts": 1774638292.7973385,
  "src\\lib\\actions\\jobs.ts": 1775684461.120903,
  "src\\lib\\actions\\kiosk.ts": 1776112824.962048,
  "src\\lib\\actions\\onboarding.ts": 1776097038.7674694,
  "src\\lib\\actions\\orders.ts": 1775509172.6022909,
  "src\\lib\\actions\\pricing.ts": 1776112362.453171,
  "src\\lib\\actions\\proof.ts": 1774635479.9540975,
  "src\\lib\\actions\\quotes.ts": 1774638260.383596,
  "src\\lib\\actions\\staff-profiles.ts": 1776113265.0562425,
  "src\\lib\\actions\\timeclock.ts": 1775156784.6066296,
  "src\\lib\\payments\\provider.ts": 1774632441.76026,
  "src\\lib\\payments\\stripe-provider.ts": 1774632449.3256469,
  "src\\lib\\supabase\\client.ts": 1774562424.9221807,
  "src\\lib\\supabase\\middleware.ts": 1775844670.3646884,
  "src\\lib\\supabase\\server.ts": 1774633692.480026,
  "AGENTS.md": 1774562223.1681018,
  "CLAUDE.md": 1774562223.2037454,
  "README.md": 1774558127.3327756,
  "docs\\features\\ai-preflight-check.md": 1775867592.6153328,
  "docs\\superpowers\\plans\\2026-04-13-deposit-settings-and-pin-kiosk.md": 1776112114.5605595,
  "graphify-out\\GRAPH_REPORT.md": 1776375715.0321422,
  "public\\file.svg": 1774562223.439219,
  "public\\globe.svg": 1774562223.439219,
  "public\\next.svg": 1774562223.4407256,
  "public\\vercel.svg": 1774562223.441757,
  "public\\window.svg": 1774562223.4407256
}